﻿<?xml version="1.0" encoding="utf-8"?>
<component format="1" id="alliance-calendar-component">
  <name>Alliance Calendar</name>
  <publisher>Alliance Global Services</publisher>
  <publisher-url>http://www.allianceglobalservices.com</publisher-url>
  <version>1.0</version>
  <summary>Beautiful Android Calendar control with elegant features and can be used to bind data</summary>
  <samples>
    <sample id="AllianceAndroidSample">
      <name>Android Sample.</name>
      <summary>Demonstrate Alliance full calendar on Android</summary>
    </sample>
  </samples>
</component>